{"text": "\u4f5c\u8bcd\u4f5c\u66f2 \u7f16\u66f2 \u6df7\u97f3 \u6bcd\u5e26 \u6df7\u97f3\u5e08 \u738b\u6e90\u6f14\u5531 \u6df7\u97f3 \u6bcd\u5e26 \u6df7\u97f3\u5e08 \u738b\u6e90\u6f14\u5531 \u6df7\u97f3 \u6bcd\u5e26 \u6df7\u97f3\u5e08 \u738b\u6e90The light came through the windowStraight from the sun aboveSo inside my little roomThere plunged a rays of loveAnd streams of light clearly sawThe dust you seldom seeOut of which the nameless makesA name for one like meI'll try to say a little moreLove went on and onUntil it reached an open doorAnd love itselfLove itself was goneAll busy in the sunlightThe flecks did float and danceAnd I was tumbled up with themInform their circumstanceI'll try to say a little moreLove went on and onUntil it reached an open doorAnd love itselfLove itself was goneThen I came back from where I'd beenMy room had looked the sameBut there was nothing left betweenThe nameless and the nameAll busy in the sunlightThe flecks did float and danceAnd I was tumbled up with themInform their circumstanceI'll try to say a little moreLove went on and onUntil it reached an open doorAnd love itselfLove itself was goneLove itselfLove itself was goneZither Harp", "segments": [{"id": 0, "seek": 0, "start": 0.0, "end": 10.0, "text": "\u4f5c\u8bcd\u4f5c\u66f2 \u7f16\u66f2 \u6df7\u97f3 \u6bcd\u5e26 \u6df7\u97f3\u5e08 \u738b\u6e90", "tokens": [11914, 5233, 235, 11914, 30753, 220, 38109, 244, 30753, 220, 48640, 18034, 220, 35744, 4845, 99, 220, 48640, 18034, 29186, 220, 19940, 47402], "temperature": 0.2, "avg_logprob": -0.7354674566359747, "compression_ratio": 1.9682539682539681, "no_speech_prob": 0.7877277135848999}, {"id": 1, "seek": 0, "start": 10.0, "end": 20.0, "text": "\u6f14\u5531 \u6df7\u97f3 \u6bcd\u5e26 \u6df7\u97f3\u5e08 \u738b\u6e90", "tokens": [31382, 39861, 220, 48640, 18034, 220, 35744, 4845, 99, 220, 48640, 18034, 29186, 220, 19940, 47402], "temperature": 0.2, "avg_logprob": -0.7354674566359747, "compression_ratio": 1.9682539682539681, "no_speech_prob": 0.7877277135848999}, {"id": 2, "seek": 0, "start": 20.0, "end": 29.5, "text": "\u6f14\u5531 \u6df7\u97f3 \u6bcd\u5e26 \u6df7\u97f3\u5e08 \u738b\u6e90", "tokens": [31382, 39861, 220, 48640, 18034, 220, 35744, 4845, 99, 220, 48640, 18034, 29186, 220, 19940, 47402], "temperature": 0.2, "avg_logprob": -0.7354674566359747, "compression_ratio": 1.9682539682539681, "no_speech_prob": 0.7877277135848999}, {"id": 3, "seek": 2950, "start": 29.5, "end": 37.0, "text": "The light came through the window", "tokens": [2278, 1442, 1361, 807, 264, 4910], "temperature": 0.0, "avg_logprob": -0.276626495214609, "compression_ratio": 1.0909090909090908, "no_speech_prob": 0.00023287005024030805}, {"id": 4, "seek": 2950, "start": 37.0, "end": 44.5, "text": "Straight from the sun above", "tokens": [4520, 424, 397, 490, 264, 3295, 3673], "temperature": 0.0, "avg_logprob": -0.276626495214609, "compression_ratio": 1.0909090909090908, "no_speech_prob": 0.00023287005024030805}, {"id": 5, "seek": 2950, "start": 44.5, "end": 52.5, "text": "So inside my little room", "tokens": [6455, 1854, 452, 707, 1808], "temperature": 0.0, "avg_logprob": -0.276626495214609, "compression_ratio": 1.0909090909090908, "no_speech_prob": 0.00023287005024030805}, {"id": 6, "seek": 5250, "start": 52.5, "end": 60.5, "text": "There plunged a rays of love", "tokens": [9077, 37663, 292, 257, 24417, 295, 959], "temperature": 0.0, "avg_logprob": -0.2692894752209003, "compression_ratio": 1.077922077922078, "no_speech_prob": 0.00012939231237396598}, {"id": 7, "seek": 5250, "start": 60.5, "end": 68.0, "text": "And streams of light clearly saw", "tokens": [5289, 15842, 295, 1442, 4448, 1866], "temperature": 0.0, "avg_logprob": -0.2692894752209003, "compression_ratio": 1.077922077922078, "no_speech_prob": 0.00012939231237396598}, {"id": 8, "seek": 5250, "start": 68.0, "end": 75.5, "text": "The dust you seldom see", "tokens": [2278, 8634, 291, 47717, 536], "temperature": 0.0, "avg_logprob": -0.2692894752209003, "compression_ratio": 1.077922077922078, "no_speech_prob": 0.00012939231237396598}, {"id": 9, "seek": 7550, "start": 75.5, "end": 82.5, "text": "Out of which the nameless makes", "tokens": [28353, 295, 597, 264, 8835, 4272, 1669], "temperature": 0.0, "avg_logprob": -0.16536730733411065, "compression_ratio": 1.0649350649350648, "no_speech_prob": 2.8019585442962125e-05}, {"id": 10, "seek": 7550, "start": 82.5, "end": 89.0, "text": "A name for one like me", "tokens": [32, 1315, 337, 472, 411, 385], "temperature": 0.0, "avg_logprob": -0.16536730733411065, "compression_ratio": 1.0649350649350648, "no_speech_prob": 2.8019585442962125e-05}, {"id": 11, "seek": 7550, "start": 89.0, "end": 97.5, "text": "I'll try to say a little more", "tokens": [40, 603, 853, 281, 584, 257, 707, 544], "temperature": 0.0, "avg_logprob": -0.16536730733411065, "compression_ratio": 1.0649350649350648, "no_speech_prob": 2.8019585442962125e-05}, {"id": 12, "seek": 9750, "start": 97.5, "end": 106.0, "text": "Love went on and on", "tokens": [24394, 1437, 322, 293, 322], "temperature": 0.0, "avg_logprob": -0.26418741818132074, "compression_ratio": 1.1066666666666667, "no_speech_prob": 1.770142807799857e-05}, {"id": 13, "seek": 9750, "start": 106.0, "end": 112.5, "text": "Until it reached an open door", "tokens": [52, 580, 388, 309, 6488, 364, 1269, 2853], "temperature": 0.0, "avg_logprob": -0.26418741818132074, "compression_ratio": 1.1066666666666667, "no_speech_prob": 1.770142807799857e-05}, {"id": 14, "seek": 9750, "start": 112.5, "end": 117.0, "text": "And love itself", "tokens": [5289, 959, 2564], "temperature": 0.0, "avg_logprob": -0.26418741818132074, "compression_ratio": 1.1066666666666667, "no_speech_prob": 1.770142807799857e-05}, {"id": 15, "seek": 11700, "start": 117.0, "end": 130.0, "text": "Love itself was gone", "tokens": [24394, 2564, 390, 2780], "temperature": 0.0, "avg_logprob": -0.19591506322224936, "compression_ratio": 1.0136986301369864, "no_speech_prob": 0.00048284168587997556}, {"id": 16, "seek": 11700, "start": 130.0, "end": 138.0, "text": "All busy in the sunlight", "tokens": [7868, 5856, 294, 264, 18379], "temperature": 0.0, "avg_logprob": -0.19591506322224936, "compression_ratio": 1.0136986301369864, "no_speech_prob": 0.00048284168587997556}, {"id": 17, "seek": 11700, "start": 138.0, "end": 145.5, "text": "The flecks did float and dance", "tokens": [2278, 7025, 2761, 630, 15706, 293, 4489], "temperature": 0.0, "avg_logprob": -0.19591506322224936, "compression_ratio": 1.0136986301369864, "no_speech_prob": 0.00048284168587997556}, {"id": 18, "seek": 14550, "start": 145.5, "end": 153.0, "text": "And I was tumbled up with them", "tokens": [5289, 286, 390, 256, 19928, 493, 365, 552], "temperature": 0.0, "avg_logprob": -0.19469053404671804, "compression_ratio": 1.0632911392405062, "no_speech_prob": 1.9152192180627026e-05}, {"id": 19, "seek": 14550, "start": 153.0, "end": 158.5, "text": "Inform their circumstance", "tokens": [4575, 837, 641, 27640], "temperature": 0.0, "avg_logprob": -0.19469053404671804, "compression_ratio": 1.0632911392405062, "no_speech_prob": 1.9152192180627026e-05}, {"id": 20, "seek": 14550, "start": 158.5, "end": 167.0, "text": "I'll try to say a little more", "tokens": [40, 603, 853, 281, 584, 257, 707, 544], "temperature": 0.0, "avg_logprob": -0.19469053404671804, "compression_ratio": 1.0632911392405062, "no_speech_prob": 1.9152192180627026e-05}, {"id": 21, "seek": 16700, "start": 167.0, "end": 175.5, "text": "Love went on and on", "tokens": [24394, 1437, 322, 293, 322], "temperature": 0.0, "avg_logprob": -0.2197816618557634, "compression_ratio": 1.1066666666666667, "no_speech_prob": 0.00011338230251567438}, {"id": 22, "seek": 16700, "start": 175.5, "end": 182.0, "text": "Until it reached an open door", "tokens": [52, 580, 388, 309, 6488, 364, 1269, 2853], "temperature": 0.0, "avg_logprob": -0.2197816618557634, "compression_ratio": 1.1066666666666667, "no_speech_prob": 0.00011338230251567438}, {"id": 23, "seek": 16700, "start": 182.0,